{"atlas":{"type":"mtsdf","distanceRange":10,"distanceRangeMiddle":0,"size":64,"width":152,"height":152,"yOrigin":"bottom"},"metrics":{"emSize":1,"lineHeight":1.08984375,"ascender":1,"descender":0,"underlineY":0.009765625,"underlineThickness":0},"glyphs":[{"unicode":65,"advance":1,"planeBounds":{"left":-0.084963792945906419,"bottom":-0.0859375,"right":1.0869112070540936,"top":1.0859375},"atlasBounds":{"left":0.5,"bottom":76.5,"right":75.5,"top":151.5}},{"unicode":66,"advance":1,"planeBounds":{"left":-0.078125,"bottom":-0.0546875,"right":1.078125,"top":1.0546875},"atlasBounds":{"left":76.5,"bottom":32.5,"right":150.5,"top":103.5}},{"unicode":67,"advance":1,"planeBounds":{"left":-0.0771484375,"bottom":0.1328125,"right":1.0791015625,"top":0.8671875},"atlasBounds":{"left":76.5,"bottom":104.5,"right":150.5,"top":151.5}},{"unicode":68,"advance":1,"planeBounds":{"left":-0.08544921875,"bottom":0.0390625,"right":1.08642578125,"top":0.9609375},"atlasBounds":{"left":0.5,"bottom":16.5,"right":75.5,"top":75.5}}],"kerning":[]}
